grupo,nombre,tipo_direccion,docente_1_n,docente_1,docente_2_n,docente_2,modalidad
0001,0°-01,UN DINAMIZADOR(A),50,Valencia Solís Gloria Alexa,,,
0002,0°-02,UN DINAMIZADOR(A),27,Martínez Álvarez Andrea Ascención,,,
0101,1°-01,UN DINAMIZADOR(A),23,Landázuri Quiñones María Elia,,,
0102,1°-02,UN DINAMIZADOR(A),45,Sinisterra Ana Lucía,,,
0201,2°-01,UN DINAMIZADOR(A),13,Cortés Salazar María Ebelice,,,
0202,2°-02,UN DINAMIZADOR(A),21,Garzón Quiñones Sixta Janina,,,
0203,2°-03,UN DINAMIZADOR(A),46,Tenorio Cuero Lucy Bivian,,,
0301,3°-01,UN DINAMIZADOR(A),48,Torres Segura Encarnación,,,
0302,3°-02,UN DINAMIZADOR(A),24,Landázuri Gallón Teresa,,,PROCESOS BÁSICOS
0401,4°-01,UN DINAMIZADOR(A),55,Zamora Ordóñez Celia Pastora,,,
0402,4°-02,UN DINAMIZADOR(A),33,Núñez Perlaza Elcy,,,
0501,5°-01,UN DINAMIZADOR(A),14,Cuéllar Gallo Nemesia,,,
0502,5°-02,UN DINAMIZADOR(A),11,Centeno Zúñiga Claudia Patricia,,,
0503,5°-03,UN DINAMIZADOR(A),17,Escobar Cortés Liliana,,,ACELERACIÓN DEL APRENDIZAJE
0504,5°-04,UN DINAMIZADOR(A),32,Narváez Sánchez Dora Alejandra,,,ACELERACIÓN DEL APRENDIZAJE
0601,6°-01,DUAL (ambos responsables),42,Quiñones Cabezas Marcos Vidal,30,Montaño Anchico Favio Héctor,
0602,6°-02,DUAL (ambos responsables),26,Lozano Torres Amanda Inés,57,Armero Dájome Jesús,
0701,7°-01,DUAL (ambos responsables),10,Castillo Cuero Daira Eneida,34,Ordóñez Tenorio Jaime Marcial,
0702,7°-02,DUAL (ambos responsables),41,Quintero Ramírez María del Carmen,37,Prado Quiñones Genís Maribel,
0703,7°-03,DUAL (ambos responsables),9,Castillo Angulo Martha Cecilia,1,Aguirre Riascos Jorge Andrés,
0704,7°-04,DUAL (ambos responsables),4,Arizala Castro Roberto Carlos,43,Ramírez Guerra Jimmy Eduardo,
0801,8°-01,DUAL (ambos responsables),51,Valverde Montaño María Teresa,19,Fernández Vélez Alfredo Enrique,
0802,8°-02,DUAL (ambos responsables),12,Chillambo Quiñones María Rocío,8,Casanova Quiñones Yoli del Carmen,
0901,9°-01,DUAL (ambos responsables),18,Estacio Estupiñán Rosario,22,González Castillo Jólmer Jimy,
0902,9°-02,DUAL (ambos responsables),5,Bastidas Valencia Zeneida Judith,53,Villota Rubio Héctor Hugo,
1001,10°-01,DUAL (ambos responsables),28,Meza Banguera Gladys Alicia,29,Mindineros Satizábal John Jáver,
1002,10°-02,DUAL (ambos responsables),54,Villota Rubio Janeth del Carmen,6,Betancourth Ocampo Yohana Patricia,
1101,11°-01,DUAL (ambos responsables),2,Angulo Lucero Andrés Mauricio,49,Valencia Marínez Saidy Eufemia,
1102,11°-02,DUAL (ambos responsables),3,Arboleda Ortiz Luz América,31,Montaño Arizala Leidis Claudina,
CS101,CS 1-1,DUAL (ambos responsables),20,García Gobea Saydi Magali,16,Cuero Rincón Hernando Jesús,
CS102,CS 1-2,DUAL (ambos responsables),39,Puches Ana Milena,52,Vásquez Valencia Segundo Leoncio,
CS201,CS 2-1,DUAL (ambos responsables),38,Preciado Torres Oleisa,35,Ortiz Araujo Adiela Carlota,
CS202,CS 2-2,DUAL (ambos responsables),44,Samaniego Angulo Flor Mireya,15,Cuero Bamba Berte Levi,
