grupo,tipo,grado,nombre
0102,REGULAR,1°,1°-02
0301,REGULAR,3°,3°-01
0402,REGULAR,4°,4°-02
0503,REGULAR,5°,5°-03
0504,REGULAR,5°,5°-04
0601,REGULAR,6°,6°-01
0602,REGULAR,6°,6°-02
0701,REGULAR,7°,7°-01
0702,REGULAR,7°,7°-02
0703,REGULAR,7°,7°-03
0704,REGULAR,7°,7°-04
0801,REGULAR,8°,8°-01
0802,REGULAR,8°,8°-02
0901,REGULAR,9°,9°-01
0902,REGULAR,9°,9°-02
1001,REGULAR,10°,10°-01
1002,REGULAR,10°,10°-02
1101,REGULAR,11°,11°-01
1102,REGULAR,11°,11°-02
CS101,CAMINAR EN SECUNDARIA 1,6°-7°,CS 1-1
CS102,CAMINAR EN SECUNDARIA 1,6°-7°,CS 1-2
CS201,CAMINAR EN SECUNDARIA 2,8°-9°,CS 2-1
CS202,CAMINAR EN SECUNDARIA 2,8°-9°,CS 2-2
